topic;group
English language and literature;Language and literature
Dutch language and literature;Language and literature
French language and literature;Language and literature
Languages (general);Language and literature
Spanish language and literature;Language and literature
Italian language and literature;Language and literature
German language and literature;Language and literature
Greek language and literature;Language and literature
Latin language and literature;Language and literature
Hebrew language and literature;Language and literature
Linguistics (general);Language and literature
Theology (Christian doctrine);Theology
Theology (Bible and Bible interpretation);Theology
Theology (practical);Theology
Theology (church history);Theology
Theology (general);Theology
Theology (non-christian and non-jewish religions);Theology
Theology (Judaism);Theology
History (Great Britain and Ireland);History
History (Netherlands);History
History (Germany, Central Europe);History
History (Europe);History
History (Spain, Portugal);History
History (Africa);History
History (Eastern Europe);History
History (America);History
History (Scandinavia);History
History (general);History
History (Italy);History
West India Company;History
Dutch East India Company;History
History (antiquity);History
History (France);History
History (Belgium);History
History (Australia, Oceania, New Zealand);History
History (South-eastern Europe);History
History (Asia);History
Law;Law
Geography;Geography
Political science;Political science and economics
Public and social administration;Political science and economics
Business administration;Political science and economics
Sociology;Political science and economics
Pedagogy;Political science and economics
Domestic science;Political science and economics
Agriculture;Political science and economics
Education;Political science and economics
Economics;Political science and economics
General works;Other
Philosophy;Other
Recreation;Other
Documentary information;Other
Biology;Biology
Art forms;Arts
Art studies;Arts
Dramaturgy and Musicology;Arts
Geology;Geology
Medicine;Medicine
Materials science;Science
Exact sciences in general;Science
Civil engineering;Science
Mathematics;Science
Astronomy;Science
Science (general);Science
Mechanical engineering;Science
Traffic technology;Science
Physics;Science
Electrotechnology;Science
Chemistry;Science
Technical science in general;Science
History (other regions);History
Psychology;Psychology
Other languages and literatures;Language and literature
Veterinary medicine;Medicine
Mining engineering;Science
Industry;Science
Cultural anthropology;Political science and economics